{ "compressionlevel":-1,
 "editorsettings":
    {
     "export":
        {
         "format":"json",
         "target":"mapDungeon.json"
        }
    },
 "height":30,
 "infinite":false,
 "layers":[
        {
         "data":[1, 2, 2, 2, 2, 2, 2, 2, 2, 2, 3, 4, 4, 22, 22, 22, 22, 22, 22, 22, 22, 22, 22, 22, 22, 22, 22, 22, 22, 22, 9, 38, 38, 38, 38, 38, 38, 38, 38, 38, 11, 12, 12, 12, 12, 12, 12, 22, 22, 22, 22, 22, 22, 22, 22, 22, 22, 22, 22, 22, 9, 38, 38, 38, 38, 38, 38, 38, 38, 38, 33, 2, 2, 2, 2, 2, 2, 3, 4, 4, 4, 4, 5, 22, 22, 22, 22, 22, 22, 22, 9, 38, 38, 38, 38, 38, 38, 38, 38, 38, 38, 38, 38, 38, 38, 38, 38, 11, 12, 12, 12, 12, 4, 22, 22, 22, 22, 22, 22, 22, 9, 38, 38, 38, 38, 38, 38, 38, 38, 38, 38, 38, 38, 38, 38, 38, 38, 42, 2, 2, 2, 2, 3, 12, 22, 22, 22, 22, 22, 22, 9, 38, 38, 38, 38, 38, 38, 38, 38, 38, 38, 38, 38, 38, 38, 38, 38, 38, 38, 38, 38, 38, 33, 3, 4, 22, 22, 22, 22, 22, 17, 18, 49, 38, 38, 38, 38, 38, 38, 38, 38, 38, 38, 38, 38, 38, 38, 38, 38, 38, 38, 38, 38, 11, 4, 22, 22, 22, 22, 22, 5, 6, 17, 18, 38, 38, 38, 38, 38, 38, 38, 38, 38, 38, 38, 38, 38, 38, 38, 38, 38, 38, 38, 11, 12, 12, 22, 22, 22, 22, 4, 5, 6, 7, 17, 49, 38, 38, 38, 38, 38, 38, 38, 38, 38, 38, 38, 38, 38, 38, 38, 38, 38, 33, 3, 4, 22, 22, 22, 22, 22, 22, 22, 22, 7, 17, 38, 38, 38, 38, 38, 38, 38, 38, 38, 38, 38, 38, 38, 38, 38, 38, 38, 25, 19, 4, 22, 22, 22, 15, 12, 4, 4, 22, 6, 7, 17, 18, 18, 18, 18, 18, 18, 18, 18, 49, 38, 38, 38, 38, 25, 18, 18, 19, 4, 5, 22, 22, 22, 7, 1, 3, 4, 22, 22, 22, 22, 4, 4, 4, 5, 22, 22, 13, 7, 9, 38, 38, 38, 38, 11, 4, 4, 4, 4, 22, 22, 22, 22, 15, 9, 11, 12, 12, 12, 22, 12, 12, 12, 22, 13, 14, 15, 15, 15, 9, 38, 38, 38, 38, 11, 12, 12, 12, 12, 4, 22, 22, 22, 15, 9, 42, 3, 12, 13, 14, 15, 1, 2, 2, 2, 2, 2, 2, 2, 41, 38, 38, 38, 38, 33, 2, 2, 2, 3, 12, 12, 12, 13, 14, 9, 38, 42, 2, 2, 2, 2, 41, 38, 50, 18, 18, 18, 18, 49, 38, 38, 38, 38, 38, 38, 38, 38, 38, 33, 2, 2, 2, 2, 3, 9, 38, 38, 38, 38, 38, 38, 38, 38, 11, 4, 5, 6, 7, 17, 18, 49, 38, 38, 38, 38, 38, 38, 38, 38, 38, 38, 38, 38, 11, 9, 38, 38, 38, 38, 38, 38, 38, 38, 11, 4, 4, 22, 22, 6, 7, 17, 49, 38, 38, 38, 38, 38, 38, 38, 38, 38, 38, 38, 11, 9, 38, 38, 38, 38, 38, 38, 38, 38, 11, 12, 22, 22, 22, 22, 6, 7, 9, 38, 38, 38, 38, 38, 38, 38, 38, 38, 38, 38, 11, 9, 38, 38, 38, 38, 38, 50, 18, 18, 19, 5, 22, 22, 6, 7, 7, 7, 9, 38, 38, 38, 38, 38, 38, 38, 38, 38, 38, 38, 11, 9, 25, 18, 18, 18, 18, 19, 22, 5, 22, 22, 22, 22, 7, 1, 2, 2, 41, 38, 38, 38, 38, 38, 38, 38, 38, 38, 38, 38, 11, 17, 19, 5, 6, 22, 7, 7, 7, 22, 7, 15, 15, 15, 15, 9, 38, 38, 38, 38, 38, 38, 38, 38, 38, 38, 38, 38, 38, 38, 11, 4, 5, 22, 22, 7, 15, 15, 22, 15, 15, 1, 2, 2, 2, 41, 38, 38, 38, 38, 38, 38, 38, 38, 38, 38, 38, 38, 38, 38, 11, 12, 13, 14, 15, 15, 1, 2, 2, 2, 2, 41, 38, 38, 38, 38, 38, 38, 38, 38, 38, 38, 38, 38, 38, 38, 38, 38, 38, 38, 11, 1, 2, 2, 2, 2, 38, 38, 38, 38, 38, 38, 38, 38, 38, 38, 38, 38, 38, 38, 38, 38, 38, 38, 38, 38, 38, 38, 38, 38, 11, 9, 38, 38, 38, 38, 38, 38, 38, 38, 38, 38, 38, 38, 38, 38, 38, 50, 18, 18, 18, 18, 18, 49, 38, 38, 38, 38, 38, 38, 11, 9, 38, 38, 38, 38, 38, 38, 38, 38, 9, 38, 38, 38, 38, 38, 38, 11, 4, 4, 22, 6, 7, 17, 49, 38, 38, 38, 38, 38, 11, 9, 38, 38, 38, 38, 38, 38, 38, 38, 9, 38, 38, 38, 38, 38, 38, 22, 4, 5, 22, 22, 6, 7, 17, 18, 49, 38, 38, 38, 11, 9, 38, 38, 38, 38, 38, 38, 38, 38, 9, 38, 38, 38, 38, 50, 18, 22, 12, 13, 22, 22, 22, 5, 6, 7, 17, 18, 18, 18, 19, 9, 38, 38, 38, 38, 38, 38, 38, 38, 9, 38, 38, 38, 38, 11, 4, 5, 6, 22, 22, 22, 22, 22, 7, 7, 7, 7, 7, 7, 7, 17, 18, 18, 18, 18, 18, 18, 18, 18, 17, 18, 18, 18, 18, 19, 12, 13, 22, 22, 22, 22, 22, 22, 22, 22, 22, 22, 22, 22, 15],
         "height":30,
         "id":1,
         "name":"floor",
         "opacity":1,
         "type":"tilelayer",
         "visible":true,
         "width":30,
         "x":0,
         "y":0
        }],
 "nextlayerid":18,
 "nextobjectid":1,
 "orientation":"orthogonal",
 "renderorder":"right-down",
 "tiledversion":"1.4.3",
 "tileheight":32,
 "tilesets":[
        {
         "columns":8,
         "firstgid":1,
         "image":"tiles.rc3.world\/community\/cert\/imgs\/tilesheets\/dungeon.png",
         "imageheight":256,
         "imagewidth":256,
         "margin":0,
         "name":"dungeon",
         "spacing":0,
         "tilecount":64,
         "tileheight":32,
         "tilewidth":32
        }, 
        {
         "columns":16,
         "firstgid":65,
         "image":"tiles.rc3.world\/community\/cert\/imgs\/tilesheets\/cert_safety_set.png",
         "imageheight":64,
         "imagewidth":512,
         "margin":0,
         "name":"cert_safety_set",
         "spacing":0,
         "tilecount":32,
         "tileheight":32,
         "tilewidth":32
        }, 
        {
         "columns":9,
         "firstgid":97,
         "image":"tiles.rc3.world\/community\/cert\/imgs\/tilesheets\/mapUtilities.png",
         "imageheight":32,
         "imagewidth":288,
         "margin":0,
         "name":"mapUtilities",
         "spacing":0,
         "tilecount":9,
         "tileheight":32,
         "tiles":[
                {
                 "id":0,
                 "properties":[
                        {
                         "name":"collides",
                         "type":"bool",
                         "value":true
                        }]
                }],
         "tilewidth":32
        }, 
        {
         "columns":16,
         "firstgid":106,
         "image":"tiles.rc3.world\/structures\/rc3-mullana-functionary.png",
         "imageheight":512,
         "imagewidth":512,
         "margin":0,
         "name":"rc3-mullana-functionary",
         "spacing":0,
         "tilecount":256,
         "tileheight":32,
         "tiles":[
                {
                 "animation":[
                        {
                         "duration":1000,
                         "tileid":50
                        }, 
                        {
                         "duration":300,
                         "tileid":53
                        }, 
                        {
                         "duration":3000,
                         "tileid":56
                        }, 
                        {
                         "duration":300,
                         "tileid":59
                        }],
                 "id":50
                }],
         "tilewidth":32
        }, 
        {
         "columns":20,
         "firstgid":362,
         "image":"cc0\/tileset-notes.png",
         "imageheight":256,
         "imagewidth":640,
         "margin":0,
         "name":"tileset-notes",
         "spacing":0,
         "tilecount":160,
         "tileheight":32,
         "tilewidth":32
        }, 
        {
         "columns":3,
         "firstgid":522,
         "image":"tiles.rc3.world\/community\/kalkspace\/cat.png",
         "imageheight":32,
         "imagewidth":96,
         "margin":0,
         "name":"cat",
         "spacing":0,
         "tilecount":3,
         "tileheight":32,
         "tilewidth":32
        }, 
        {
         "columns":16,
         "firstgid":525,
         "image":"tiles.rc3.world\/deco\/rc3-mullana-neon-signs.png",
         "imageheight":512,
         "imagewidth":512,
         "margin":0,
         "name":"rc3-mullana-neon-signs",
         "spacing":0,
         "tilecount":256,
         "tileheight":32,
         "tiles":[
                {
                 "animation":[
                        {
                         "duration":200,
                         "tileid":31
                        }, 
                        {
                         "duration":100,
                         "tileid":95
                        }, 
                        {
                         "duration":160,
                         "tileid":31
                        }, 
                        {
                         "duration":200,
                         "tileid":86
                        }, 
                        {
                         "duration":160,
                         "tileid":22
                        }],
                 "id":31
                }, 
                {
                 "animation":[
                        {
                         "duration":160,
                         "tileid":41
                        }, 
                        {
                         "duration":160,
                         "tileid":7
                        }, 
                        {
                         "duration":160,
                         "tileid":76
                        }, 
                        {
                         "duration":160,
                         "tileid":76
                        }, 
                        {
                         "duration":160,
                         "tileid":71
                        }, 
                        {
                         "duration":160,
                         "tileid":9
                        }, 
                        {
                         "duration":160,
                         "tileid":25
                        }, 
                        {
                         "duration":160,
                         "tileid":9
                        }],
                 "id":41
                }],
         "tilewidth":32,
         "transparentcolor":"#122827"
        }],
 "tilewidth":32,
 "type":"map",
 "version":1.4,
 "width":30
}